{"name":null,"index":[0,1,2,3],"data":[[[-0.3892425976,0.5330102364,-1.7455212794,1.0366672845,-0.0404539834,0.674746705,-0.8126313871,0.856177834,-0.7446765357,0.2437074896],[-2.3955822505,1.4101351627,-2.2590357579,-2.8478779634,2.1833745752,-4.2526472238,-5.6326061601,-1.9495978727,0.5676215804,-1.4747166939],[-1.1666643484,3.9413887532,-2.316105856,-1.5432171438,4.4567157845,1.346474045,-1.6439246082,-2.7400227815,1.3480706753,-1.9295206168],[2.7955379744,-1.6941203799,2.8207851833,-0.4974705929,-3.8322695778,-3.1550970691,3.5337508108,-0.8116060766,-2.9525817119,1.2167565282],[1.6467142336,-2.1722908677,-0.0688664843,0.4342630419,-3.1830492591,-4.9449743967,-0.3584045302,0.2515123149,1.0442512142,-2.9155395628],[-3.9423816642,-2.5227277434,1.4802813525,-1.0340461316,-3.3854234452,-2.7266514846,1.4604045991,1.903770395,-2.7611791011,2.5407126972],[0.0847430565,-1.6304837441,0.145071833,-0.4118356801,-1.7954911013,0.3983717568,-3.9360919384,1.1172397621,-3.1946787634,1.5242097965],[2.6655489339,0.4884627197,0.6958133363,1.3813139042,-0.4610775478,0.9098198737,0.7577139661,0.8936441548,-0.587242978,-0.9370879893],[1.521966361,1.7312703128,-3.2706884157,0.57317104,0.4354004272,-4.555533557,-3.031676081,1.4814718848,-0.7114871827,-2.6426200242],[-3.7247360841,-0.8893442283,0.4069522975,0.1701289842,-1.4148429919,-2.7963667724,1.0079104667,1.864443059,0.6997584932,-2.5676635793],[0.5991337256,0.6027667876,-0.7254756069,-0.8590413471,0.2277163435,-1.3736189172,0.5619166828,-1.5601079155,-1.2231179562,-0.0069368644],[-1.5244025341,0.8360323916,-1.3630849008,-3.4635721104,0.1302100954,3.9412071015,-5.8324897698,-2.0402465221,2.2958014585,0.1050365158],[-0.512378524,-1.0690646438,0.2073597678,-1.2421483047,-1.6251459676,-1.3557636832,2.2674360776,0.9166538198,-0.4894815548,1.2378615255],[-1.0534318214,2.4481768942,-0.1387659359,-3.6230306198,-0.9508000359,-5.3734470829,0.3096185849,-4.0289823271,1.1480188261,-5.4933246982],[-1.5179496359,0.3326882756,-3.4853951457,-2.3660884393,2.3433461049,-1.4949005333,-0.0916084497,-2.3505717097,2.1802664653,-0.8833226311],[3.6209490539,-1.5198178985,-2.3980797223,1.5975469791,-0.4442879396,-0.983114198,-0.9671357296,0.9118555509,-2.8252260066,3.9211072841],[-8.4162946898,3.2214152819,-6.1415951759,-4.8924510387,0.4164057644,-2.1012367638,0.8595058004,-3.9835838734,5.5792395786,-4.8004862372],[2.7140485563,-1.4926808352,3.4638445723,1.8365221814,-0.9628017647,1.0524861726,-5.6562300791,1.5298743386,-3.061183903,1.1145100766]],[[5.8302819679,4.3596538647,4.619052205,4.2848090702,6.7402265923,4.750726012],[-1.7985804038,-1.6715014898,-1.1235084274,-2.4735579961,-1.9910666658,-1.956117826],[1.7887198163,1.9706435596,2.2186424299,2.7977847362,3.7825563736,3.6505464676],[2.7955207009,2.056512666,1.5212842079,3.0205139721,2.6872168793,1.5157534713],[-0.3822017898,-2.3884581805,-1.9446008689,-1.5823484929,-0.650196569,-0.9083164086],[1.5618607753,5.6038924186,5.523431257,1.5780261082,3.7414335176,2.8353735932],[-1.108815055,3.9114209992,5.5482551594,-2.640112411,-3.3226471536,-2.5689731018],[2.6100254051,1.8603853363,1.6543849178,4.2758807837,3.7202229789,2.6597830292],[-2.4623256842,-1.1151923904,-1.4555217559,-3.2672778011,-3.88713762,-3.6500714188],[1.4514979404,2.6504812338,2.6686243821,2.3469385131,5.6082747473,2.9854545209]],[[2.0094591735,1.8491983521,-1.6285877863],[2.0875944782,2.4027645344,-1.6169725061],[2.6308828912,2.7549225683,-2.2564843522],[0.9545990096,1.151438362,-1.2710270757],[1.5888053,1.639839204,-2.5296525216],[1.7065027664,1.9373183402,-2.286943357]],[[-1.6088997202],[-2.1557604515],[2.7220968776]]]}